DATE,DURATION,PROTOCOL,SRC IP,SRC PORT,DEST IP,DEST PORT,PACKETS,BYTES,FLOWS,FLAGS,TOS,CLASS
29:54.3,0.001,TCP  ,EXT_SERVER,5358,10127_82,41738,1,40,1,.A.R..,0,suspicious
29:54.3,0.001,TCP  ,10127_82,41738,EXT_SERVER,5358,1,46,1,....S.,0,suspicious
29:59.2,0.033,TCP  ,EXT_SERVER,3419,10055_218,58953,1,40,1,.A.R..,0,suspicious
29:59.2,0.033,TCP  ,10055_218,58953,EXT_SERVER,3419,2,92,1,...RS.,0,suspicious
29:01.8,58.256,TCP  ,10004_35,54889,EXT_SERVER,22,7,420,1,.APRSF,0,suspicious
29:01.8,58.256,TCP  ,EXT_SERVER,22,10004_35,54889,13,7774,1,.AP.SF,0,suspicious
27:01.3,10.018,TCP  ,10006_27,22271,EXT_SERVER,22,15,2163,1,.AP.SF,0,suspicious
27:01.3,10.018,TCP  ,EXT_SERVER,22,10006_27,22271,19,3185,1,.AP.SF,0,suspicious
28:19.0,122.15,TCP  ,10004_35,61634,EXT_SERVER,22,7,420,1,.APRS.,0,suspicious
28:19.0,122.15,TCP  ,EXT_SERVER,22,10004_35,61634,10,2615,1,.AP.SF,0,suspicious
27:48.6,0.068,TCP  ,EXT_SERVER,8000,OPENSTACK_NET,64402,7,561,1,.AP.SF,0,normal
27:48.6,0.068,TCP  ,OPENSTACK_NET,64402,EXT_SERVER,8000,6,589,1,.AP.SF,0,normal
27:48.8,0.083,TCP  ,EXT_SERVER,8000,OPENSTACK_NET,64403,7,1726,1,.AP.SF,0,normal
27:48.8,0.083,TCP  ,OPENSTACK_NET,64403,EXT_SERVER,8000,6,579,1,.AP.SF,0,normal
27:54.9,8.702,TCP  ,10006_27,54914,EXT_SERVER,22,15,2163,1,.AP.SF,0,suspicious
27:54.9,8.702,TCP  ,EXT_SERVER,22,10006_27,54914,19,3185,1,.AP.SF,0,suspicious
26:09.3,120.919,TCP  ,10004_35,11926,EXT_SERVER,22,7,387,1,.AP.SF,0,suspicious
26:09.3,120.919,TCP  ,EXT_SERVER,22,10004_35,11926,7,2389,1,.AP.SF,0,suspicious
31:15.2,8.661,TCP  ,10004_35,53298,EXT_SERVER,22,9,479,1,.APRSF,0,suspicious
31:15.2,8.661,TCP  ,EXT_SERVER,22,10004_35,53298,8,2449,1,.AP.S.,0,suspicious
28:39.5,0.055,TCP  ,EXT_SERVER,8000,OPENSTACK_NET,51329,7,556,1,.AP.SF,0,normal
28:39.5,0.055,TCP  ,OPENSTACK_NET,51329,EXT_SERVER,8000,6,515,1,.AP.SF,0,normal
28:39.5,0.065,TCP  ,EXT_SERVER,8000,OPENSTACK_NET,51330,7,702,1,.AP.SF,0,normal
28:39.5,0.065,TCP  ,OPENSTACK_NET,51330,EXT_SERVER,8000,6,586,1,.AP.SF,0,normal
31:49.9,9.92,TCP  ,EXT_SERVER,22,10054_249,41190,20,3249,1,.AP.SF,0,suspicious
31:49.9,9.92,TCP  ,10054_249,41190,EXT_SERVER,22,15,2157,1,.APRSF,0,suspicious
32:01.0,0,TCP  ,EXT_SERVER,27167,10128_181,26107,1,40,1,...R..,0,suspicious
32:01.0,0,TCP  ,10128_181,26107,EXT_SERVER,27167,1,46,1,.A..S.,0,suspicious
31:58.6,3.441,TCP  ,10004_35,52189,EXT_SERVER,22,2,106,1,...RS.,0,suspicious
31:58.6,3.441,TCP  ,EXT_SERVER,22,10004_35,52189,3,180,1,.A..S.,0,suspicious
30:28.3,121.863,TCP  ,10004_35,51447,EXT_SERVER,22,5,277,1,.APRSF,0,suspicious
30:28.3,121.863,TCP  ,EXT_SERVER,22,10004_35,51447,7,1421,1,.AP.SF,0,suspicious
29:26.7,9.614,TCP  ,10008_98,36643,EXT_SERVER,22,17,2267,1,.AP.SF,0,suspicious
29:26.7,9.614,TCP  ,EXT_SERVER,22,10008_98,36643,19,3185,1,.AP.SF,0,suspicious
32:38.8,5.419,TCP  ,10004_35,51400,EXT_SERVER,22,4,226,1,...RS.,0,suspicious
32:38.8,5.419,TCP  ,EXT_SERVER,22,10004_35,51400,5,300,1,.A..S.,0,suspicious
29:36.0,9.233,TCP  ,10008_98,51459,EXT_SERVER,22,17,2267,1,.AP.SF,0,suspicious
29:36.0,9.233,TCP  ,EXT_SERVER,22,10008_98,51459,19,3197,1,.AP.SF,0,suspicious
29:48.6,0.069,TCP  ,EXT_SERVER,8000,OPENSTACK_NET,64436,7,556,1,.AP.SF,0,normal
29:48.6,0.069,TCP  ,OPENSTACK_NET,64436,EXT_SERVER,8000,6,515,1,.AP.SF,0,normal
29:48.6,0.088,TCP  ,EXT_SERVER,8000,OPENSTACK_NET,64437,7,702,1,.AP.SF,0,normal
29:48.6,0.088,TCP  ,OPENSTACK_NET,64437,EXT_SERVER,8000,6,586,1,.AP.SF,0,normal
32:43.8,7.395,TCP  ,10004_35,41533,EXT_SERVER,22,7,360,1,.A.RSF,0,suspicious
32:43.8,7.395,TCP  ,EXT_SERVER,22,10004_35,41533,5,341,1,.AP.S.,0,suspicious
29:44.3,8.669,TCP  ,10006_27,13636,EXT_SERVER,22,15,2163,1,.AP.SF,0,suspicious
29:44.3,8.669,TCP  ,EXT_SERVER,22,10006_27,13636,19,3185,1,.AP.SF,0,suspicious
29:44.9,9.064,TCP  ,10008_98,36992,EXT_SERVER,22,17,2267,1,.AP.SF,0,suspicious
29:44.9,9.064,TCP  ,EXT_SERVER,22,10008_98,36992,19,3185,1,.AP.SF,0,suspicious
29:53.6,10.289,TCP  ,10008_98,49312,EXT_SERVER,22,17,2267,1,.AP.SF,0,suspicious
29:53.6,10.289,TCP  ,EXT_SERVER,22,10008_98,49312,19,3185,1,.AP.SF,0,suspicious
30:03.6,9.916,TCP  ,10008_98,37693,EXT_SERVER,22,17,2283,1,.AP.SF,0,suspicious
30:03.6,9.916,TCP  ,EXT_SERVER,22,10008_98,37693,19,3185,1,.AP.SF,0,suspicious
30:13.1,8.87,TCP  ,10008_98,51204,EXT_SERVER,22,17,2283,1,.AP.SF,0,suspicious
30:13.1,8.87,TCP  ,EXT_SERVER,22,10008_98,51204,19,3185,1,.AP.SF,0,suspicious
33:22.7,6.39,TCP  ,10004_35,53103,EXT_SERVER,22,5,274,1,.A.RS.,0,suspicious
33:22.7,6.39,TCP  ,EXT_SERVER,22,10004_35,53103,5,391,1,.AP.S.,0,suspicious
30:21.7,9.507,TCP  ,10008_98,33644,EXT_SERVER,22,17,2267,1,.AP.SF,0,suspicious
30:21.7,9.507,TCP  ,EXT_SERVER,22,10008_98,33644,20,3237,1,.AP.SF,0,suspicious
33:25.8,12.211,TCP  ,EXT_SERVER,22,10054_249,54021,20,3261,1,.AP.SF,0,suspicious
33:25.8,12.211,TCP  ,10054_249,54021,EXT_SERVER,22,18,2329,1,.APRSF,0,suspicious
30:30.9,9.186,TCP  ,10008_98,44677,EXT_SERVER,22,17,2267,1,.AP.SF,0,suspicious
30:30.9,9.186,TCP  ,EXT_SERVER,22,10008_98,44677,19,3185,1,.AP.SF,0,suspicious
29:46.3,58.729,TCP  ,10004_35,62374,EXT_SERVER,22,6,374,1,.AP.SF,0,suspicious
29:46.3,58.729,TCP  ,EXT_SERVER,22,10004_35,62374,14,7826,1,.AP.SF,0,suspicious
30:39.7,10.593,TCP  ,10008_98,52120,EXT_SERVER,22,17,2283,1,.AP.SF,0,suspicious
30:39.7,10.593,TCP  ,EXT_SERVER,22,10008_98,52120,19,3185,1,.AP.SF,0,suspicious
30:40.3,10.079,TCP  ,10006_27,57913,EXT_SERVER,22,15,2163,1,.AP.SF,0,suspicious
30:40.3,10.079,TCP  ,EXT_SERVER,22,10006_27,57913,20,3237,1,.AP.SF,0,suspicious
30:45.2,9.186,TCP  ,EXT_SERVER,22,10054_249,37765,19,3185,1,.AP.SF,0,suspicious
30:45.2,9.186,TCP  ,10054_249,37765,EXT_SERVER,22,19,2371,1,.AP.SF,0,suspicious
30:50.0,10.841,TCP  ,10008_98,35876,EXT_SERVER,22,20,2423,1,.AP.SF,0,suspicious
30:50.0,10.841,TCP  ,EXT_SERVER,22,10008_98,35876,19,3185,1,.AP.SF,0,suspicious
30:54.1,9.86,TCP  ,EXT_SERVER,22,10054_249,47082,19,3185,1,.AP.SF,0,suspicious
30:54.1,9.86,TCP  ,10054_249,47082,EXT_SERVER,22,18,2319,1,.AP.SF,0,suspicious
31:00.5,9.077,TCP  ,10008_98,49574,EXT_SERVER,22,17,2267,1,.AP.SF,0,suspicious
31:00.5,9.077,TCP  ,EXT_SERVER,22,10008_98,49574,19,3185,1,.AP.SF,0,suspicious
31:03.6,10.1,TCP  ,EXT_SERVER,22,10054_249,56985,19,3185,1,.AP.SF,0,suspicious
31:03.6,10.1,TCP  ,10054_249,56985,EXT_SERVER,22,20,2423,1,.AP.SF,0,suspicious
34:05.5,7.728,TCP  ,10004_35,40092,EXT_SERVER,22,8,427,1,.APRSF,0,suspicious
34:05.5,7.728,TCP  ,EXT_SERVER,22,10004_35,40092,9,4445,1,.AP.S.,0,suspicious
31:09.3,9.001,TCP  ,10008_98,54539,EXT_SERVER,22,17,2267,1,.AP.SF,0,suspicious
31:09.3,9.001,TCP  ,EXT_SERVER,22,10008_98,54539,19,3185,1,.AP.SF,0,suspicious
31:13.4,9.738,TCP  ,EXT_SERVER,22,10054_249,38750,19,3185,1,.AP.SF,0,suspicious
31:13.4,9.738,TCP  ,10054_249,38750,EXT_SERVER,22,20,2423,1,.AP.SF,0,suspicious
31:18.0,9.228,TCP  ,10008_98,58011,EXT_SERVER,22,17,2267,1,.AP.SF,0,suspicious
31:18.0,9.228,TCP  ,EXT_SERVER,22,10008_98,58011,19,3185,1,.AP.SF,0,suspicious
34:19.1,10.489,TCP  ,10006_27,33256,EXT_SERVER,22,16,2225,1,.APRSF,0,suspicious
34:19.1,10.489,TCP  ,EXT_SERVER,22,10006_27,33256,21,3301,1,.AP.SF,0,suspicious
31:22.8,9.31,TCP  ,EXT_SERVER,22,10054_249,49824,19,3185,1,.AP.SF,0,suspicious
31:22.8,9.31,TCP  ,10054_249,49824,EXT_SERVER,22,17,2267,1,.AP.SF,0,suspicious
31:26.9,9.641,TCP  ,10008_98,34226,EXT_SERVER,22,17,2267,1,.AP.SF,0,suspicious
31:26.9,9.641,TCP  ,EXT_SERVER,22,10008_98,34226,19,3185,1,.AP.SF,0,suspicious
31:39.5,0.075,TCP  ,EXT_SERVER,8000,OPENSTACK_NET,51380,7,556,1,.AP.SF,0,normal
31:39.5,0.075,TCP  ,OPENSTACK_NET,51380,EXT_SERVER,8000,6,515,1,.AP.SF,0,normal
31:39.5,0.09,TCP  ,EXT_SERVER,8000,OPENSTACK_NET,51379,7,561,1,.AP.SF,0,normal
31:39.5,0.09,TCP  ,OPENSTACK_NET,51379,EXT_SERVER,8000,6,589,1,.AP.SF,0,normal
31:39.5,0.069,TCP  ,EXT_SERVER,8000,OPENSTACK_NET,51381,7,702,1,.AP.SF,0,normal
31:39.5,0.069,TCP  ,OPENSTACK_NET,51381,EXT_SERVER,8000,6,586,1,.AP.SF,0,normal
31:31.8,9.733,TCP  ,EXT_SERVER,22,10054_249,57558,19,3185,1,.AP.SF,0,suspicious
31:31.8,9.733,TCP  ,10054_249,57558,EXT_SERVER,22,17,2267,1,.AP.SF,0,suspicious
31:41.4,0.057,TCP  ,EXT_SERVER,8000,OPENSTACK_NET,51382,7,639,1,.AP.SF,0,normal
31:41.4,0.057,TCP  ,OPENSTACK_NET,51382,EXT_SERVER,8000,6,614,1,.AP.SF,0,normal
31:41.4,0.072,TCP  ,EXT_SERVER,8000,OPENSTACK_NET,51383,7,1726,1,.AP.SF,0,normal
31:41.4,0.072,TCP  ,OPENSTACK_NET,51383,EXT_SERVER,8000,6,579,1,.AP.SF,0,normal
31:34.2,9.073,TCP  ,10006_27,34803,EXT_SERVER,22,17,2267,1,.AP.SF,0,suspicious
31:34.2,9.073,TCP  ,EXT_SERVER,22,10006_27,34803,19,3185,1,.AP.SF,0,suspicious
31:36.2,9.276,TCP  ,10008_98,39119,EXT_SERVER,22,17,2267,1,.AP.SF,0,suspicious
31:36.2,9.276,TCP  ,EXT_SERVER,22,10008_98,39119,20,3237,1,.AP.SF,0,suspicious
31:41.2,9.074,TCP  ,EXT_SERVER,22,10054_249,37570,19,3185,1,.AP.SF,0,suspicious
31:41.2,9.074,TCP  ,10054_249,37570,EXT_SERVER,22,15,2163,1,.AP.SF,0,suspicious
34:52.6,0,TCP  ,10129_133,16568,EXT_SERVER,23,1,46,1,....S.,0,suspicious
34:52.6,0,TCP  ,EXT_SERVER,23,10129_133,16568,1,40,1,.A.R..,0,suspicious
31:45.2,8.613,TCP  ,10008_98,43584,EXT_SERVER,22,15,2163,1,.AP.SF,0,suspicious
31:45.2,8.613,TCP  ,EXT_SERVER,22,10008_98,43584,19,3185,1,.AP.SF,0,suspicious
34:49.2,9.013,TCP  ,10004_35,53363,EXT_SERVER,22,8,705,1,.APRSF,0,suspicious
34:49.2,9.013,TCP  ,EXT_SERVER,22,10004_35,53363,8,2494,1,.AP.S.,0,suspicious
31:53.5,9.543,TCP  ,10008_98,45550,EXT_SERVER,22,18,2319,1,.AP.SF,0,suspicious
31:53.5,9.543,TCP  ,EXT_SERVER,22,10008_98,45550,19,3185,1,.AP.SF,0,suspicious
31:59.5,9.357,TCP  ,EXT_SERVER,22,10054_249,48396,20,3237,1,.AP.SF,0,suspicious
31:59.5,9.357,TCP  ,10054_249,48396,EXT_SERVER,22,17,2283,1,.AP.SF,0,suspicious
32:02.7,9.446,TCP  ,10008_98,49919,EXT_SERVER,22,18,2335,1,.AP.SF,0,suspicious
32:02.7,9.446,TCP  ,EXT_SERVER,22,10008_98,49919,19,3185,1,.AP.SF,0,suspicious
32:08.7,9.571,TCP  ,EXT_SERVER,22,10054_249,55477,20,3237,1,.AP.SF,0,suspicious
32:08.7,9.571,TCP  ,10054_249,55477,EXT_SERVER,22,19,2371,1,.AP.SF,0,suspicious
35:19.0,0,TCP  ,10130_179,45268,EXT_SERVER,23,1,46,1,....S.,0,suspicious
35:19.0,0,TCP  ,EXT_SERVER,23,10130_179,45268,1,40,1,.A.R..,0,suspicious
32:11.8,9.987,TCP  ,10008_98,57133,EXT_SERVER,22,17,2267,1,.AP.SF,0,suspicious
32:11.8,9.987,TCP  ,EXT_SERVER,22,10008_98,57133,19,3185,1,.AP.SF,0,suspicious
32:18.2,9.565,TCP  ,EXT_SERVER,22,10054_249,33410,19,3185,1,.AP.SF,0,suspicious
32:18.2,9.565,TCP  ,10054_249,33410,EXT_SERVER,22,20,2423,1,.AP.SF,0,suspicious
32:21.5,10.331,TCP  ,10008_98,37448,EXT_SERVER,22,18,2335,1,.AP.SF,0,suspicious
32:21.5,10.331,TCP  ,EXT_SERVER,22,10008_98,37448,19,3185,1,.AP.SF,0,suspicious
35:35.6,0,TCP  ,10131_165,14179,EXT_SERVER,23,1,46,1,....S.,0,suspicious
35:35.6,0,TCP  ,EXT_SERVER,23,10131_165,14179,1,40,1,.A.R..,0,suspicious
35:17.7,18.864,TCP  ,10006_27,61090,EXT_SERVER,22,15,1839,1,.APRSF,0,suspicious
35:17.7,18.864,TCP  ,EXT_SERVER,22,10006_27,61090,14,2681,1,.AP.SF,0,suspicious
32:27.4,10.135,TCP  ,EXT_SERVER,22,10054_249,37841,20,3237,1,.AP.SF,0,suspicious
32:27.4,10.135,TCP  ,10054_249,37841,EXT_SERVER,22,19,2371,1,.AP.SF,0,suspicious
32:28.6,11.319,TCP  ,10006_27,13557,EXT_SERVER,22,16,2215,1,.AP.SF,0,suspicious
32:28.6,11.319,TCP  ,EXT_SERVER,22,10006_27,13557,21,3449,1,.AP.SF,0,suspicious
32:31.5,10.565,TCP  ,10008_98,46870,EXT_SERVER,22,18,2335,1,.AP.SF,0,suspicious
32:31.5,10.565,TCP  ,EXT_SERVER,22,10008_98,46870,19,3185,1,.AP.SF,0,suspicious
35:33.1,10.271,TCP  ,10004_35,58938,EXT_SERVER,22,8,435,1,.APRSF,0,suspicious
35:33.1,10.271,TCP  ,EXT_SERVER,22,10004_35,58938,9,1541,1,.AP.S.,0,suspicious
32:37.6,10.188,TCP  ,EXT_SERVER,22,10054_249,44622,19,3185,1,.AP.SF,0,suspicious
32:37.6,10.188,TCP  ,10054_249,44622,EXT_SERVER,22,17,2267,1,.AP.SF,0,suspicious
32:48.6,0.083,TCP  ,EXT_SERVER,8000,OPENSTACK_NET,64488,7,561,1,.AP.SF,0,normal
32:48.6,0.083,TCP  ,OPENSTACK_NET,64488,EXT_SERVER,8000,6,589,1,.AP.SF,0,normal
32:48.6,0.091,TCP  ,EXT_SERVER,8000,OPENSTACK_NET,64489,7,702,1,.AP.SF,0,normal
32:48.6,0.091,TCP  ,OPENSTACK_NET,64489,EXT_SERVER,8000,6,586,1,.AP.SF,0,normal
32:48.6,0.074,TCP  ,EXT_SERVER,8000,OPENSTACK_NET,64490,7,556,1,.AP.SF,0,normal
32:48.6,0.074,TCP  ,OPENSTACK_NET,64490,EXT_SERVER,8000,6,515,1,.AP.SF,0,normal
32:49.6,0.075,TCP  ,EXT_SERVER,8000,OPENSTACK_NET,64491,7,1726,1,.AP.SF,0,normal
32:49.6,0.075,TCP  ,OPENSTACK_NET,64491,EXT_SERVER,8000,6,579,1,.AP.SF,0,normal
32:49.7,0.053,TCP  ,EXT_SERVER,8000,OPENSTACK_NET,64492,7,639,1,.AP.SF,0,normal
32:49.7,0.053,TCP  ,OPENSTACK_NET,64492,EXT_SERVER,8000,6,614,1,.AP.SF,0,normal
32:41.7,9.775,TCP  ,10008_98,57863,EXT_SERVER,22,17,2267,1,.AP.SF,0,suspicious
32:41.7,9.775,TCP  ,EXT_SERVER,22,10008_98,57863,19,3185,1,.AP.SF,0,suspicious
32:52.8,0,ICMP ,10132_69,0,EXT_SERVER,8,1,46,1,......,0,suspicious
32:52.8,0,ICMP ,EXT_SERVER,0,10132_69,0,1,32,1,......,0,suspicious
32:47.4,10.301,TCP  ,EXT_SERVER,22,10054_249,51217,19,3185,1,.AP.SF,0,suspicious
32:47.4,10.301,TCP  ,10054_249,51217,EXT_SERVER,22,19,2371,1,.AP.SF,0,suspicious
32:49.3,9.429,TCP  ,EXT_SERVER,22,10012_231,38013,19,3185,1,.AP.SF,0,suspicious
32:49.3,9.429,TCP  ,10012_231,38013,EXT_SERVER,22,17,2267,1,.AP.SF,0,suspicious
32:51.2,10.716,TCP  ,10008_98,38551,EXT_SERVER,22,17,2267,1,.AP.SF,0,suspicious
32:51.2,10.716,TCP  ,EXT_SERVER,22,10008_98,38551,19,3197,1,.AP.SF,0,suspicious
32:57.4,9.818,TCP  ,EXT_SERVER,22,10054_249,60094,20,3237,1,.AP.SF,0,suspicious
32:57.4,9.818,TCP  ,10054_249,60094,EXT_SERVER,22,19,2371,1,.AP.SF,0,suspicious
32:58.5,9.97,TCP  ,EXT_SERVER,22,10012_231,49828,19,3185,1,.AP.SF,0,suspicious
32:58.5,9.97,TCP  ,10012_231,49828,EXT_SERVER,22,17,2267,1,.AP.SF,0,suspicious
33:06.9,9.532,TCP  ,EXT_SERVER,22,10054_249,37973,19,3185,1,.AP.SF,0,suspicious
33:06.9,9.532,TCP  ,10054_249,37973,EXT_SERVER,22,17,2267,1,.AP.SF,0,suspicious
33:08.1,9.893,TCP  ,EXT_SERVER,22,10012_231,60328,19,3185,1,.AP.SF,0,suspicious
33:08.1,9.893,TCP  ,10012_231,60328,EXT_SERVER,22,15,2163,1,.AP.SF,0,suspicious
33:16.1,10.069,TCP  ,EXT_SERVER,22,10054_249,45373,19,3185,1,.AP.SF,0,suspicious
33:16.1,10.069,TCP  ,10054_249,45373,EXT_SERVER,22,18,2319,1,.AP.SF,0,suspicious
33:17.7,10.107,TCP  ,EXT_SERVER,22,10012_231,42772,19,3185,1,.AP.SF,0,suspicious
33:17.7,10.107,TCP  ,10012_231,42772,EXT_SERVER,22,17,2267,1,.AP.SF,0,suspicious
33:25.3,10.962,TCP  ,10006_27,10067,EXT_SERVER,22,17,2279,1,.AP.SF,0,suspicious
33:25.3,10.962,TCP  ,EXT_SERVER,22,10006_27,10067,21,3381,1,.AP.SF,0,suspicious
33:27.5,10.658,TCP  ,EXT_SERVER,22,10012_231,51738,20,4213,1,.AP.SF,0,suspicious
33:27.5,10.658,TCP  ,10012_231,51738,EXT_SERVER,22,17,2267,1,.AP.SF,0,suspicious
36:42.2,0,TCP  ,10133_58,28300,EXT_SERVER,23,1,46,1,....S.,0,suspicious
36:42.2,0,TCP  ,EXT_SERVER,23,10133_58,28300,1,40,1,.A.R..,0,suspicious
33:37.7,10.519,TCP  ,EXT_SERVER,22,10054_249,41508,19,3185,1,.AP.SF,0,suspicious
33:37.7,10.519,TCP  ,10054_249,41508,EXT_SERVER,22,20,2423,1,.AP.SF,0,suspicious
33:37.8,10.374,TCP  ,EXT_SERVER,22,10012_231,34824,19,3185,1,.AP.SF,0,suspicious
33:37.8,10.374,TCP  ,10012_231,34824,EXT_SERVER,22,17,2267,1,.AP.SF,0,suspicious
33:47.9,9.921,TCP  ,EXT_SERVER,22,10012_231,44271,19,3185,1,.AP.SF,0,suspicious
33:47.9,9.921,TCP  ,10012_231,44271,EXT_SERVER,22,15,2163,1,.AP.SF,0,suspicious
33:47.9,10.012,TCP  ,EXT_SERVER,22,10054_249,51586,19,3185,1,.AP.SF,0,suspicious
33:47.9,10.012,TCP  ,10054_249,51586,EXT_SERVER,22,20,2439,1,.AP.SF,0,suspicious
32:00.6,121.813,TCP  ,10004_35,43276,EXT_SERVER,22,5,268,1,.A..SF,0,suspicious
32:00.6,121.813,TCP  ,EXT_SERVER,22,10004_35,43276,5,345,1,.AP.SF,0,suspicious
33:57.5,10.525,TCP  ,EXT_SERVER,22,10012_231,52291,19,3185,1,.AP.SF,0,suspicious
33:57.5,10.525,TCP  ,10012_231,52291,EXT_SERVER,22,17,2267,1,.AP.SF,0,suspicious
37:00.7,6.927,TCP  ,10004_35,15129,EXT_SERVER,22,7,383,1,.APRSF,0,suspicious
37:00.7,6.927,TCP  ,EXT_SERVER,22,10004_35,15129,8,513,1,.AP.S.,0,suspicious
33:57.5,10.516,TCP  ,EXT_SERVER,22,10054_249,33785,19,3185,1,.AP.SF,0,suspicious
33:57.5,10.516,TCP  ,10054_249,33785,EXT_SERVER,22,18,2319,1,.AP.SF,0,suspicious
34:07.7,10.304,TCP  ,EXT_SERVER,22,10012_231,60276,19,3185,1,.AP.SF,0,suspicious
34:07.7,10.304,TCP  ,10012_231,60276,EXT_SERVER,22,17,2267,1,.AP.SF,0,suspicious
34:07.8,10.06,TCP  ,EXT_SERVER,22,10054_249,46051,19,3185,1,.AP.SF,0,suspicious
34:07.8,10.06,TCP  ,10054_249,46051,EXT_SERVER,22,17,2267,1,.AP.SF,0,suspicious
34:17.6,9.119,TCP  ,EXT_SERVER,22,10012_231,42608,19,3185,1,.AP.SF,0,suspicious
34:17.6,9.119,TCP  ,10012_231,42608,EXT_SERVER,22,17,2267,1,.AP.SF,0,suspicious
34:26.4,10.278,TCP  ,EXT_SERVER,22,10012_231,48059,19,3185,1,.AP.SF,0,suspicious
34:26.4,10.278,TCP  ,10012_231,48059,EXT_SERVER,22,15,2163,1,.AP.SF,0,suspicious
34:39.5,0.053,TCP  ,EXT_SERVER,8000,OPENSTACK_NET,51432,7,556,1,.AP.SF,0,normal
34:39.5,0.053,TCP  ,OPENSTACK_NET,51432,EXT_SERVER,8000,6,515,1,.AP.SF,0,normal
34:39.5,0.07,TCP  ,EXT_SERVER,8000,OPENSTACK_NET,51433,7,702,1,.AP.SF,0,normal
34:39.5,0.07,TCP  ,OPENSTACK_NET,51433,EXT_SERVER,8000,6,586,1,.AP.SF,0,normal
34:36.4,9.764,TCP  ,EXT_SERVER,22,10012_231,57964,19,3185,1,.AP.SF,0,suspicious
34:36.4,9.764,TCP  ,10012_231,57964,EXT_SERVER,22,17,2267,1,.AP.SF,0,suspicious
34:45.8,10.387,TCP  ,EXT_SERVER,22,10012_231,36189,19,3185,1,.AP.SF,0,suspicious
34:45.8,10.387,TCP  ,10012_231,36189,EXT_SERVER,22,17,2267,1,.AP.SF,0,suspicious
34:55.9,9.687,TCP  ,EXT_SERVER,22,10012_231,46537,19,3185,1,.AP.SF,0,suspicious
34:55.9,9.687,TCP  ,10012_231,46537,EXT_SERVER,22,15,2163,1,.AP.SF,0,suspicious
35:05.2,9.089,TCP  ,EXT_SERVER,22,10012_231,53330,19,3185,1,.AP.SF,0,suspicious
35:05.2,9.089,TCP  ,10012_231,53330,EXT_SERVER,22,17,2267,1,.AP.SF,0,suspicious
36:17.5,124.074,TCP  ,10004_35,13726,EXT_SERVER,22,10,817,1,.APRSF,0,suspicious
36:17.5,124.074,TCP  ,EXT_SERVER,22,10004_35,13726,14,3793,1,.AP.SF,0,suspicious
35:14.0,9.253,TCP  ,EXT_SERVER,22,10012_231,58339,19,3185,1,.AP.SF,0,suspicious
35:14.0,9.253,TCP  ,10012_231,58339,EXT_SERVER,22,15,2163,1,.AP.SF,0,suspicious
35:22.9,9.915,TCP  ,EXT_SERVER,22,10012_231,35012,19,3185,1,.AP.SF,0,suspicious
35:22.9,9.915,TCP  ,10012_231,35012,EXT_SERVER,22,17,2267,1,.AP.SF,0,suspicious
35:32.5,10.316,TCP  ,EXT_SERVER,22,10012_231,41765,19,3185,1,.AP.SF,0,suspicious
35:32.5,10.316,TCP  ,10012_231,41765,EXT_SERVER,22,20,2423,1,.AP.SF,0,suspicious
35:48.6,0.056,TCP  ,EXT_SERVER,8000,OPENSTACK_NET,64541,7,556,1,.AP.SF,0,normal
35:48.6,0.056,TCP  ,OPENSTACK_NET,64541,EXT_SERVER,8000,6,515,1,.AP.SF,0,normal
35:48.6,0.081,TCP  ,EXT_SERVER,8000,OPENSTACK_NET,64542,7,702,1,.AP.SF,0,normal
35:48.6,0.081,TCP  ,OPENSTACK_NET,64542,EXT_SERVER,8000,6,586,1,.AP.SF,0,normal
35:42.5,9.13,TCP  ,EXT_SERVER,22,10012_231,52310,19,3185,1,.AP.SF,0,suspicious
35:42.5,9.13,TCP  ,10012_231,52310,EXT_SERVER,22,17,2267,1,.AP.SF,0,suspicious
38:51.2,0,TCP  ,10134_18,31231,EXT_SERVER,4064,1,46,1,....S.,0,suspicious
38:51.2,0,TCP  ,EXT_SERVER,4064,10134_18,31231,1,40,1,.A.R..,0,suspicious
38:29.5,23.611,TCP  ,10004_35,15773,EXT_SERVER,22,7,1029,1,.APRSF,0,suspicious
38:29.5,23.611,TCP  ,EXT_SERVER,22,10004_35,15773,8,1481,1,.AP.SF,0,suspicious
35:51.3,8.827,TCP  ,EXT_SERVER,22,10012_231,60941,20,3237,1,.AP.SF,0,suspicious
35:51.3,8.827,TCP  ,10012_231,60941,EXT_SERVER,22,15,2179,1,.AP.SF,0,suspicious
36:00.0,9.697,TCP  ,EXT_SERVER,22,10012_231,39457,19,3185,1,.AP.SF,0,suspicious
36:00.0,9.697,TCP  ,10012_231,39457,EXT_SERVER,22,17,2267,1,.AP.SF,0,suspicious
37:45.1,87.791,TCP  ,10004_35,11264,EXT_SERVER,22,7,1037,1,.APRSF,0,suspicious
37:45.1,87.791,TCP  ,EXT_SERVER,22,10004_35,11264,16,8717,1,.AP.SF,0,suspicious
36:09.4,9.976,TCP  ,EXT_SERVER,22,10012_231,47156,19,3185,1,.AP.SF,0,suspicious
36:09.4,9.976,TCP  ,10012_231,47156,EXT_SERVER,22,18,2319,1,.AP.SF,0,suspicious
36:15.9,9.378,TCP  ,10006_27,36163,EXT_SERVER,22,18,2331,1,.AP.SF,0,suspicious
36:15.9,9.378,TCP  ,EXT_SERVER,22,10006_27,36163,20,3305,1,.AP.SF,0,suspicious
34:39.5,119.999,TCP  ,EXT_SERVER,8000,OPENSTACK_NET,51434,7,561,1,.AP.SF,0,normal
34:39.5,119.999,TCP  ,OPENSTACK_NET,51434,EXT_SERVER,8000,6,589,1,.AP.SF,0,normal
36:39.7,0.082,TCP  ,EXT_SERVER,8000,OPENSTACK_NET,51467,7,1726,1,.AP.SF,0,normal
36:39.7,0.082,TCP  ,OPENSTACK_NET,51467,EXT_SERVER,8000,6,579,1,.AP.SF,0,normal
37:14.3,9.024,TCP  ,10006_27,13940,EXT_SERVER,22,15,2163,1,.AP.SF,0,suspicious
37:14.3,9.024,TCP  ,EXT_SERVER,22,10006_27,13940,19,3185,1,.AP.SF,0,suspicious
40:37.3,0,TCP  ,10135_232,35037,EXT_SERVER,5358,1,46,1,....S.,0,suspicious
40:37.3,0,TCP  ,EXT_SERVER,5358,10135_232,35037,1,40,1,.A.R..,0,suspicious
37:39.5,0.053,TCP  ,EXT_SERVER,8000,OPENSTACK_NET,51484,7,556,1,.AP.SF,0,normal
37:39.5,0.053,TCP  ,OPENSTACK_NET,51484,EXT_SERVER,8000,6,515,1,.AP.SF,0,normal
37:39.5,0.067,TCP  ,EXT_SERVER,8000,OPENSTACK_NET,51485,7,702,1,.AP.SF,0,normal
37:39.5,0.067,TCP  ,OPENSTACK_NET,51485,EXT_SERVER,8000,6,586,1,.AP.SF,0,normal
37:39.5,1.737,TCP  ,EXT_SERVER,8000,OPENSTACK_NET,51486,7,639,1,.AP.SF,0,normal
37:39.5,1.737,TCP  ,OPENSTACK_NET,51486,EXT_SERVER,8000,6,614,1,.AP.SF,0,normal
40:42.1,0,TCP  ,10136_37,20342,EXT_SERVER,5358,1,46,1,....S.,0,suspicious
40:42.1,0,TCP  ,EXT_SERVER,5358,10136_37,20342,1,40,1,.A.R..,0,suspicious
37:48.6,0.061,TCP  ,EXT_SERVER,8000,OPENSTACK_NET,64577,7,561,1,.AP.SF,0,normal
37:48.6,0.061,TCP  ,OPENSTACK_NET,64577,EXT_SERVER,8000,6,589,1,.AP.SF,0,normal
37:48.8,0.064,TCP  ,EXT_SERVER,8000,OPENSTACK_NET,64578,7,1726,1,.AP.SF,0,normal
37:48.8,0.064,TCP  ,OPENSTACK_NET,64578,EXT_SERVER,8000,6,579,1,.AP.SF,0,normal
40:53.8,0,TCP  ,10137_52,23848,EXT_SERVER,5358,1,46,1,....S.,0,suspicious
40:53.8,0,TCP  ,EXT_SERVER,5358,10137_52,23848,1,40,1,.A.R..,0,suspicious
40:40.9,14.112,TCP  ,10004_35,46656,EXT_SERVER,22,7,420,1,.APRSF,0,suspicious
40:40.9,14.112,TCP  ,EXT_SERVER,22,10004_35,46656,10,3570,1,.AP.SF,0,suspicious
41:00.0,5.826,TCP  ,10006_27,26792,EXT_SERVER,22,7,1029,1,.APRSF,0,suspicious
41:00.0,5.826,TCP  ,EXT_SERVER,22,10006_27,26792,9,4421,1,.AP.SF,0,suspicious
39:11.9,120.444,TCP  ,10004_35,12678,EXT_SERVER,22,4,231,1,.APRS.,0,suspicious
39:11.9,120.444,TCP  ,EXT_SERVER,22,10004_35,12678,13,7598,1,.AP.SF,0,suspicious
41:14.8,0,TCP  ,10138_87,27913,EXT_SERVER,5358,1,46,1,....S.,0,suspicious
41:14.8,0,TCP  ,EXT_SERVER,5358,10138_87,27913,1,40,1,.A.R..,0,suspicious
38:11.3,8.22,TCP  ,10006_27,18294,EXT_SERVER,22,17,2267,1,.AP.SF,0,suspicious
38:11.3,8.22,TCP  ,EXT_SERVER,22,10006_27,18294,19,3185,1,.AP.SF,0,suspicious
38:48.6,0.074,TCP  ,EXT_SERVER,8000,OPENSTACK_NET,64595,7,702,1,.AP.SF,0,normal
38:48.6,0.074,TCP  ,OPENSTACK_NET,64595,EXT_SERVER,8000,6,586,1,.AP.SF,0,normal
38:48.6,0.053,TCP  ,EXT_SERVER,8000,OPENSTACK_NET,64596,7,556,1,.AP.SF,0,normal
38:48.6,0.053,TCP  ,OPENSTACK_NET,64596,EXT_SERVER,8000,6,515,1,.AP.SF,0,normal
38:49.7,0.057,TCP  ,EXT_SERVER,8000,OPENSTACK_NET,64597,7,639,1,.AP.SF,0,normal
38:49.7,0.057,TCP  ,OPENSTACK_NET,64597,EXT_SERVER,8000,6,614,1,.AP.SF,0,normal
39:07.0,9.558,TCP  ,10006_27,11072,EXT_SERVER,22,15,2163,1,.AP.SF,0,suspicious
39:07.0,9.558,TCP  ,EXT_SERVER,22,10006_27,11072,19,3185,1,.AP.SF,0,suspicious
42:17.3,5.92,TCP  ,10004_35,47180,EXT_SERVER,22,6,353,1,.APRSF,0,suspicious
42:17.3,5.92,TCP  ,EXT_SERVER,22,10004_35,47180,6,1378,1,.AP.SF,0,suspicious
42:27.8,0,TCP  ,10139_235,37773,EXT_SERVER,5632,1,46,1,....S.,0,suspicious
42:27.8,0,TCP  ,EXT_SERVER,5632,10139_235,37773,1,40,1,.A.R..,0,suspicious
41:30.3,90.623,TCP  ,10004_35,49154,EXT_SERVER,22,7,1029,1,.APRS.,0,suspicious
41:30.3,90.623,TCP  ,EXT_SERVER,22,10004_35,49154,14,8626,1,.AP.S.,0,suspicious
40:01.5,9.647,TCP  ,10006_27,54417,EXT_SERVER,22,17,2267,1,.AP.SF,0,suspicious
40:01.5,9.647,TCP  ,EXT_SERVER,22,10006_27,54417,19,3185,1,.AP.SF,0,suspicious
40:34.0,0,UDP  ,10025_123,5074,EXT_SERVER,5060,1,437,1,......,0,suspicious
40:34.0,0,ICMP ,EXT_SERVER,0,10025_123,3.3,1,465,1,......,0,suspicious
40:39.5,0.053,TCP  ,EXT_SERVER,8000,OPENSTACK_NET,51539,7,556,1,.AP.SF,0,normal
40:39.5,0.053,TCP  ,OPENSTACK_NET,51539,EXT_SERVER,8000,6,515,1,.AP.SF,0,normal
40:39.5,0.074,TCP  ,EXT_SERVER,8000,OPENSTACK_NET,51540,7,702,1,.AP.SF,0,normal
40:39.5,0.074,TCP  ,OPENSTACK_NET,51540,EXT_SERVER,8000,6,586,1,.AP.SF,0,normal
43:02.7,41.435,TCP  ,10004_35,62073,EXT_SERVER,22,6,329,1,.APRSF,0,suspicious
43:02.7,41.435,TCP  ,EXT_SERVER,22,10004_35,62073,10,5550,1,.AP.S.,0,suspicious
43:54.6,0,TCP  ,10140_147,28837,EXT_SERVER,23,1,46,1,....S.,0,suspicious
43:54.6,0,TCP  ,EXT_SERVER,23,10140_147,28837,1,40,1,.A.R..,0,suspicious
39:54.5,83.321,TCP  ,10004_35,61354,EXT_SERVER,22,6,983,1,.AP.SF,0,suspicious
39:54.5,83.321,TCP  ,EXT_SERVER,22,10004_35,61354,12,8481,1,.AP.SF,0,suspicious
43:46.4,41.015,TCP  ,10004_35,63132,EXT_SERVER,22,5,925,1,.APRSF,0,suspicious
43:46.4,41.015,TCP  ,EXT_SERVER,22,10004_35,63132,5,1285,1,.AP.SF,0,suspicious
44:30.4,7.143,TCP  ,10004_35,63885,EXT_SERVER,22,9,1695,1,.APRSF,0,suspicious
44:30.4,7.143,TCP  ,EXT_SERVER,22,10004_35,63885,11,5257,1,.AP.S.,0,suspicious
41:39.5,0.067,TCP  ,EXT_SERVER,8000,OPENSTACK_NET,51557,7,561,1,.AP.SF,0,normal
41:39.5,0.067,TCP  ,OPENSTACK_NET,51557,EXT_SERVER,8000,6,589,1,.AP.SF,0,normal
41:39.7,0.082,TCP  ,EXT_SERVER,8000,OPENSTACK_NET,51558,7,1726,1,.AP.SF,0,normal
41:39.7,0.082,TCP  ,OPENSTACK_NET,51558,EXT_SERVER,8000,6,579,1,.AP.SF,0,normal
41:48.6,0.072,TCP  ,EXT_SERVER,8000,OPENSTACK_NET,64644,7,702,1,.AP.SF,0,normal
41:48.6,0.072,TCP  ,OPENSTACK_NET,64644,EXT_SERVER,8000,6,586,1,.AP.SF,0,normal
41:48.6,0.045,TCP  ,EXT_SERVER,8000,OPENSTACK_NET,64645,7,556,1,.AP.SF,0,normal
41:48.6,0.045,TCP  ,OPENSTACK_NET,64645,EXT_SERVER,8000,5,469,1,.AP.SF,0,normal
41:58.6,9.141,TCP  ,10006_27,12345,EXT_SERVER,22,17,2267,1,.AP.SF,0,suspicious
41:58.6,9.141,TCP  ,EXT_SERVER,22,10006_27,12345,19,3185,1,.AP.SF,0,suspicious
45:13.4,11.068,TCP  ,10004_35,57106,EXT_SERVER,22,8,453,1,.APRSF,0,suspicious
45:13.4,11.068,TCP  ,EXT_SERVER,22,10004_35,57106,12,4678,1,.AP.S.,0,suspicious
42:48.6,0.063,TCP  ,EXT_SERVER,8000,OPENSTACK_NET,64664,7,561,1,.AP.SF,0,normal
42:48.6,0.063,TCP  ,OPENSTACK_NET,64664,EXT_SERVER,8000,6,589,1,.AP.SF,0,normal
42:48.8,0.073,TCP  ,EXT_SERVER,8000,OPENSTACK_NET,64665,7,1726,1,.AP.SF,0,normal
42:48.8,0.073,TCP  ,OPENSTACK_NET,64665,EXT_SERVER,8000,6,579,1,.AP.SF,0,normal
45:49.3,0,TCP  ,10141_196,42340,EXT_SERVER,5358,1,46,1,....S.,0,suspicious
45:49.3,0,TCP  ,EXT_SERVER,5358,10141_196,42340,1,40,1,.A.R..,0,suspicious
43:01.0,8.475,TCP  ,10006_27,24768,EXT_SERVER,22,15,2179,1,.AP.SF,0,suspicious
43:01.0,8.475,TCP  ,EXT_SERVER,22,10006_27,24768,19,3185,1,.AP.SF,0,suspicious
43:39.5,0.048,TCP  ,EXT_SERVER,8000,OPENSTACK_NET,51594,7,556,1,.AP.SF,0,normal
43:39.5,0.048,TCP  ,OPENSTACK_NET,51594,EXT_SERVER,8000,6,515,1,.AP.SF,0,normal
43:39.5,0.063,TCP  ,EXT_SERVER,8000,OPENSTACK_NET,51595,7,702,1,.AP.SF,0,normal
43:39.5,0.063,TCP  ,OPENSTACK_NET,51595,EXT_SERVER,8000,6,586,1,.AP.SF,0,normal
43:39.5,1.245,TCP  ,EXT_SERVER,8000,OPENSTACK_NET,51596,7,639,1,.AP.SF,0,normal
43:39.5,1.245,TCP  ,OPENSTACK_NET,51596,EXT_SERVER,8000,6,614,1,.AP.SF,0,normal
46:41.8,6.918,TCP  ,10004_35,61462,EXT_SERVER,22,5,301,1,.APRS.,0,suspicious
46:41.8,6.918,TCP  ,EXT_SERVER,22,10004_35,61462,7,2414,1,.AP.SF,0,suspicious
43:58.8,9.222,TCP  ,10006_27,46034,EXT_SERVER,22,15,2163,1,.AP.SF,0,suspicious
43:58.8,9.222,TCP  ,EXT_SERVER,22,10006_27,46034,19,3185,1,.AP.SF,0,suspicious
44:48.6,0.082,TCP  ,EXT_SERVER,8000,OPENSTACK_NET,64698,7,702,1,.AP.SF,0,normal
44:48.6,0.082,TCP  ,OPENSTACK_NET,64698,EXT_SERVER,8000,6,586,1,.AP.SF,0,normal
44:48.6,0.057,TCP  ,EXT_SERVER,8000,OPENSTACK_NET,64699,7,556,1,.AP.SF,0,normal
44:48.6,0.057,TCP  ,OPENSTACK_NET,64699,EXT_SERVER,8000,6,515,1,.AP.SF,0,normal
44:49.7,0.056,TCP  ,EXT_SERVER,8000,OPENSTACK_NET,64700,7,639,1,.AP.SF,0,normal
44:49.7,0.056,TCP  ,OPENSTACK_NET,64700,EXT_SERVER,8000,6,614,1,.AP.SF,0,normal
44:53.7,9.381,TCP  ,10006_27,36114,EXT_SERVER,22,17,2267,1,.AP.SF,0,suspicious
44:53.7,9.381,TCP  ,EXT_SERVER,22,10006_27,36114,19,3185,1,.AP.SF,0,suspicious
45:28.1,0.017,UDP  ,10014_199,123,EXT_SERVER,42123,1,76,1,......,0,suspicious
45:28.1,0.017,UDP  ,EXT_SERVER,42123,10014_199,123,1,76,1,......,0,suspicious
48:41.4,6.913,TCP  ,10004_35,42460,EXT_SERVER,22,6,368,1,.APRSF,0,suspicious
48:41.4,6.913,TCP  ,EXT_SERVER,22,10004_35,42460,8,3487,1,.AP.SF,0,suspicious
45:48.3,10.459,TCP  ,10006_27,19164,EXT_SERVER,22,17,2283,1,.AP.SF,0,suspicious
45:48.3,10.459,TCP  ,EXT_SERVER,22,10006_27,19164,20,3249,1,.AP.SF,0,suspicious
46:39.5,0.071,TCP  ,EXT_SERVER,8000,OPENSTACK_NET,51643,7,561,1,.AP.SF,0,normal
46:39.5,0.071,TCP  ,OPENSTACK_NET,51643,EXT_SERVER,8000,6,589,1,.AP.SF,0,normal
46:39.5,0.055,TCP  ,EXT_SERVER,8000,OPENSTACK_NET,51644,7,556,1,.AP.SF,0,normal
46:39.5,0.055,TCP  ,OPENSTACK_NET,51644,EXT_SERVER,8000,6,515,1,.AP.SF,0,normal
46:39.5,0.059,TCP  ,EXT_SERVER,8000,OPENSTACK_NET,51645,7,702,1,.AP.SF,0,normal
46:39.5,0.059,TCP  ,OPENSTACK_NET,51645,EXT_SERVER,8000,6,586,1,.AP.SF,0,normal
46:39.5,4.347,TCP  ,EXT_SERVER,8000,OPENSTACK_NET,51646,7,1726,1,.AP.SF,0,normal
46:39.5,4.347,TCP  ,OPENSTACK_NET,51646,EXT_SERVER,8000,6,579,1,.AP.SF,0,normal
49:50.3,0,TCP  ,10142_247,12172,EXT_SERVER,23,1,46,1,....S.,0,suspicious
49:50.3,0,TCP  ,EXT_SERVER,23,10142_247,12172,1,40,1,.A.R..,0,suspicious
46:45.2,9.997,TCP  ,10006_27,11108,EXT_SERVER,22,17,2279,1,.AP.SF,0,suspicious
46:45.2,9.997,TCP  ,EXT_SERVER,22,10006_27,11108,20,3305,1,.AP.SF,0,suspicious
50:18.5,9.403,TCP  ,10004_35,53573,EXT_SERVER,22,3,166,1,...RS.,0,suspicious
50:18.5,9.403,TCP  ,EXT_SERVER,22,10004_35,53573,5,300,1,.A..S.,0,suspicious
50:34.9,0,TCP  ,EXT_SERVER,5358,10143_44,27120,1,40,1,.A.R..,0,suspicious
50:34.9,0,TCP  ,10143_44,27120,EXT_SERVER,5358,1,46,1,....S.,0,suspicious
47:48.1,0,UDP  ,10144_34,30664,EXT_SERVER,53,1,70,1,......,0,suspicious
47:48.1,0,ICMP ,EXT_SERVER,0,10144_34,3.3,1,98,1,......,0,suspicious
47:48.6,0.088,TCP  ,EXT_SERVER,8000,OPENSTACK_NET,64751,7,702,1,.AP.SF,0,normal
47:48.6,0.088,TCP  ,OPENSTACK_NET,64751,EXT_SERVER,8000,6,586,1,.AP.SF,0,normal
47:48.6,0.075,TCP  ,EXT_SERVER,8000,OPENSTACK_NET,64752,7,561,1,.AP.SF,0,normal
47:48.6,0.075,TCP  ,OPENSTACK_NET,64752,EXT_SERVER,8000,6,589,1,.AP.SF,0,normal
47:48.6,0.063,TCP  ,EXT_SERVER,8000,OPENSTACK_NET,64753,7,556,1,.AP.SF,0,normal
47:48.6,0.063,TCP  ,OPENSTACK_NET,64753,EXT_SERVER,8000,6,515,1,.AP.SF,0,normal
47:40.6,9.254,TCP  ,10006_27,51491,EXT_SERVER,22,14,2111,1,.AP.SF,0,suspicious
47:40.6,9.254,TCP  ,EXT_SERVER,22,10006_27,51491,17,3081,1,.AP.SF,0,suspicious
47:50.3,0.073,TCP  ,EXT_SERVER,8000,OPENSTACK_NET,64754,7,1726,1,.AP.SF,0,normal
47:50.3,0.073,TCP  ,OPENSTACK_NET,64754,EXT_SERVER,8000,6,579,1,.AP.SF,0,normal
50:52.9,0,TCP  ,EXT_SERVER,23,10145_44,62214,1,40,1,.A.R..,0,suspicious
50:52.9,0,TCP  ,10145_44,62214,EXT_SERVER,23,1,46,1,....S.,0,suspicious
51:04.9,0.001,TCP  ,10146_28,40209,EXT_SERVER,5358,1,46,1,....S.,0,suspicious
51:04.9,0.001,TCP  ,EXT_SERVER,5358,10146_28,40209,1,40,1,.A.R..,0,suspicious
51:33.9,0,TCP  ,EXT_SERVER,23,10147_68,56447,1,40,1,.A.R..,0,suspicious
51:33.9,0,TCP  ,10147_68,56447,EXT_SERVER,23,1,46,1,....S.,0,suspicious
48:38.8,10.215,TCP  ,10006_27,33081,EXT_SERVER,22,15,2179,1,.AP.SF,0,suspicious
48:38.8,10.215,TCP  ,EXT_SERVER,22,10006_27,33081,21,4333,1,.AP.SF,0,suspicious
51:48.4,7.382,TCP  ,10004_35,30230,EXT_SERVER,22,8,427,1,.APRSF,0,suspicious
51:48.4,7.382,TCP  ,EXT_SERVER,22,10004_35,30230,10,4505,1,.AP.S.,0,suspicious
50:23.5,98.581,TCP  ,10004_35,43768,EXT_SERVER,22,8,1625,1,.APRSF,0,suspicious
50:23.5,98.581,TCP  ,EXT_SERVER,22,10004_35,43768,11,3486,1,.AP.SF,0,suspicious
47:25.9,120.453,TCP  ,10004_35,10492,EXT_SERVER,22,5,283,1,.AP.SF,0,suspicious
47:25.9,120.453,TCP  ,EXT_SERVER,22,10004_35,10492,13,8605,1,.AP.SF,0,suspicious
52:18.5,9.582,TCP  ,10006_27,47059,EXT_SERVER,22,18,2397,1,.APRSF,0,suspicious
52:18.5,9.582,TCP  ,EXT_SERVER,22,10006_27,47059,22,3433,1,.AP.SF,0,suspicious
49:39.5,0.052,TCP  ,EXT_SERVER,8000,OPENSTACK_NET,51695,7,556,1,.AP.SF,0,normal
49:39.5,0.052,TCP  ,OPENSTACK_NET,51695,EXT_SERVER,8000,6,515,1,.AP.SF,0,normal
49:39.5,0.066,TCP  ,EXT_SERVER,8000,OPENSTACK_NET,51696,7,702,1,.AP.SF,0,normal
49:39.5,0.066,TCP  ,OPENSTACK_NET,51696,EXT_SERVER,8000,6,586,1,.AP.SF,0,normal
52:40.9,0,TCP  ,10148_244,12505,EXT_SERVER,23,1,46,1,....S.,0,suspicious
52:40.9,0,TCP  ,EXT_SERVER,23,10148_244,12505,1,40,1,.A.R..,0,suspicious
49:29.8,11.191,TCP  ,10006_27,10493,EXT_SERVER,22,16,2215,1,.AP.SF,0,suspicious
49:29.8,11.191,TCP  ,EXT_SERVER,22,10006_27,10493,18,3145,1,.AP.SF,0,suspicious
49:39.5,2.512,TCP  ,EXT_SERVER,8000,OPENSTACK_NET,51697,7,639,1,.AP.SF,0,normal
49:39.5,2.512,TCP  ,OPENSTACK_NET,51697,EXT_SERVER,8000,6,614,1,.AP.SF,0,normal
52:45.4,0,TCP  ,EXT_SERVER,23,10149_164,54460,1,40,1,.A.R..,0,suspicious
52:45.4,0,TCP  ,10149_164,54460,EXT_SERVER,23,1,46,1,....S.,0,suspicious
52:45.9,0,TCP  ,10150_141,65202,EXT_SERVER,23,1,46,1,....S.,0,suspicious
52:45.9,0,TCP  ,EXT_SERVER,23,10150_141,65202,1,40,1,.A.R..,0,suspicious
53:04.6,122.433,TCP  ,10004_35,41827,EXT_SERVER,22,6,991,1,.AP.S.,0,suspicious
53:04.6,122.433,TCP  ,EXT_SERVER,22,10004_35,41827,15,8653,1,.AP.SF,0,suspicious
50:26.2,7.706,TCP  ,10006_27,10445,EXT_SERVER,22,17,2267,1,.AP.SF,0,suspicious
50:26.2,7.706,TCP  ,EXT_SERVER,22,10006_27,10445,19,3185,1,.AP.SF,0,suspicious
53:27.4,7.51,TCP  ,10004_35,59136,EXT_SERVER,22,9,751,1,.APRSF,0,suspicious
53:27.4,7.51,TCP  ,EXT_SERVER,22,10004_35,59136,8,1518,1,.AP.S.,0,suspicious
50:48.6,0.056,TCP  ,EXT_SERVER,8000,OPENSTACK_NET,64804,7,556,1,.AP.SF,0,normal
50:48.6,0.056,TCP  ,OPENSTACK_NET,64804,EXT_SERVER,8000,6,515,1,.AP.SF,0,normal
50:48.6,0.075,TCP  ,EXT_SERVER,8000,OPENSTACK_NET,64803,7,702,1,.AP.SF,0,normal
50:48.6,0.075,TCP  ,OPENSTACK_NET,64803,EXT_SERVER,8000,6,586,1,.AP.SF,0,normal
50:49.6,0.05,TCP  ,EXT_SERVER,8000,OPENSTACK_NET,64805,7,639,1,.AP.SF,0,normal
50:49.6,0.05,TCP  ,OPENSTACK_NET,64805,EXT_SERVER,8000,6,614,1,.AP.SF,0,normal
51:19.2,9.518,TCP  ,10006_27,52566,EXT_SERVER,22,15,2163,1,.AP.SF,0,suspicious
51:19.2,9.518,TCP  ,EXT_SERVER,22,10006_27,52566,20,3249,1,.AP.SF,0,suspicious
54:15.9,22.199,TCP  ,10004_35,12307,EXT_SERVER,22,5,925,1,.APRSF,0,suspicious
54:15.9,22.199,TCP  ,EXT_SERVER,22,10004_35,12307,5,1285,1,.AP.SF,0,suspicious
51:39.5,0.071,TCP  ,EXT_SERVER,8000,OPENSTACK_NET,51730,7,561,1,.AP.SF,0,normal
51:39.5,0.071,TCP  ,OPENSTACK_NET,51730,EXT_SERVER,8000,6,589,1,.AP.SF,0,normal
51:39.7,0.07,TCP  ,EXT_SERVER,8000,OPENSTACK_NET,51731,7,1726,1,.AP.SF,0,normal
51:39.7,0.07,TCP  ,OPENSTACK_NET,51731,EXT_SERVER,8000,6,579,1,.AP.SF,0,normal
52:37.9,123.886,TCP  ,10004_35,40230,EXT_SERVER,22,8,713,1,.APRSF,0,suspicious
52:37.9,123.886,TCP  ,EXT_SERVER,22,10004_35,40230,13,4689,1,.AP.SF,0,suspicious
54:42.6,0.001,TCP  ,10151_86,43878,EXT_SERVER,23,1,46,1,....S.,0,suspicious
54:42.6,0.001,TCP  ,EXT_SERVER,23,10151_86,43878,1,40,1,.A.R..,0,suspicious
55:01.7,5.898,TCP  ,10004_35,36866,EXT_SERVER,22,7,375,1,.APRSF,0,suspicious
55:01.7,5.898,TCP  ,EXT_SERVER,22,10004_35,36866,7,2430,1,.AP.S.,0,suspicious
52:39.5,0.053,TCP  ,EXT_SERVER,8000,OPENSTACK_NET,51753,7,556,1,.AP.SF,0,normal
52:39.5,0.053,TCP  ,OPENSTACK_NET,51753,EXT_SERVER,8000,6,515,1,.AP.SF,0,normal
52:39.5,0.068,TCP  ,EXT_SERVER,8000,OPENSTACK_NET,51754,7,702,1,.AP.SF,0,normal
52:39.5,0.068,TCP  ,OPENSTACK_NET,51754,EXT_SERVER,8000,6,586,1,.AP.SF,0,normal
52:48.6,0.065,TCP  ,EXT_SERVER,8000,OPENSTACK_NET,64840,7,561,1,.AP.SF,0,normal
52:48.6,0.065,TCP  ,OPENSTACK_NET,64840,EXT_SERVER,8000,6,589,1,.AP.SF,0,normal
52:48.8,0.077,TCP  ,EXT_SERVER,8000,OPENSTACK_NET,64841,7,1726,1,.AP.SF,0,normal
52:48.8,0.077,TCP  ,OPENSTACK_NET,64841,EXT_SERVER,8000,6,579,1,.AP.SF,0,normal
55:45.8,6.377,TCP  ,10004_35,44699,EXT_SERVER,22,5,262,1,.A.RSF,0,suspicious
55:45.8,6.377,TCP  ,EXT_SERVER,22,10004_35,44699,3,217,1,.AP.S.,0,suspicious
51:07.7,121.376,TCP  ,10004_35,27461,EXT_SERVER,22,4,231,1,.AP.SF,0,suspicious
51:07.7,121.376,TCP  ,EXT_SERVER,22,10004_35,27461,12,6609,1,.AP.SF,0,suspicious
53:20.5,0,UDP  ,10152_94,24434,EXT_SERVER,500,1,92,1,......,0,suspicious
53:20.5,0,ICMP ,EXT_SERVER,0,10152_94,3.3,1,120,1,......,0,suspicious
53:19.0,10.298,TCP  ,10006_27,51150,EXT_SERVER,22,17,2267,1,.AP.SF,0,suspicious
53:19.0,10.298,TCP  ,EXT_SERVER,22,10006_27,51150,19,3185,1,.AP.SF,0,suspicious
56:38.4,0,TCP  ,10153_4,61798,EXT_SERVER,23,1,46,1,....S.,0,suspicious
56:38.4,0,TCP  ,EXT_SERVER,23,10153_4,61798,1,40,1,.A.R..,0,suspicious
56:44.9,0,TCP  ,10154_196,34328,EXT_SERVER,23,1,46,1,....S.,0,suspicious
56:44.9,0,TCP  ,EXT_SERVER,23,10154_196,34328,1,40,1,.A.R..,0,suspicious
53:48.6,0.081,TCP  ,EXT_SERVER,8000,OPENSTACK_NET,64858,7,702,1,.AP.SF,0,normal
53:48.6,0.081,TCP  ,OPENSTACK_NET,64858,EXT_SERVER,8000,6,586,1,.AP.SF,0,normal
53:48.7,0.062,TCP  ,EXT_SERVER,8000,OPENSTACK_NET,64859,7,556,1,.AP.SF,0,normal
53:48.7,0.062,TCP  ,OPENSTACK_NET,64859,EXT_SERVER,8000,6,515,1,.AP.SF,0,normal
56:50.2,0,TCP  ,10155_183,5502,EXT_SERVER,23,1,46,1,....S.,0,suspicious
56:50.2,0,TCP  ,EXT_SERVER,23,10155_183,5502,1,40,1,.A.R..,0,suspicious
56:46.8,9.485,TCP  ,10008_109,36051,EXT_SERVER,22,17,2261,1,.APRSF,0,suspicious
56:46.8,9.485,TCP  ,EXT_SERVER,22,10008_109,36051,20,3249,1,.AP.SF,0,suspicious
56:32.0,45.166,TCP  ,10004_35,16257,EXT_SERVER,22,5,925,1,.APRSF,0,suspicious
56:32.0,45.166,TCP  ,EXT_SERVER,22,10004_35,16257,5,1285,1,.AP.SF,0,suspicious
54:19.3,9.366,TCP  ,10006_27,27095,EXT_SERVER,22,17,2267,1,.AP.SF,0,suspicious
54:19.3,9.366,TCP  ,EXT_SERVER,22,10006_27,27095,19,3185,1,.AP.SF,0,suspicious
54:45.3,9.636,TCP  ,10008_109,46969,EXT_SERVER,22,16,2215,1,.AP.SF,0,suspicious
54:45.3,9.636,TCP  ,EXT_SERVER,22,10008_109,46969,20,3237,1,.AP.SF,0,suspicious
55:00.6,0,ICMP ,10156_89,0,EXT_SERVER,8,1,46,1,......,0,suspicious
55:00.6,0,ICMP ,EXT_SERVER,0,10156_89,0,1,36,1,......,0,suspicious
54:54.7,9.241,TCP  ,10008_109,56131,EXT_SERVER,22,18,2319,1,.AP.SF,0,suspicious
54:54.7,9.241,TCP  ,EXT_SERVER,22,10008_109,56131,19,3185,1,.AP.SF,0,suspicious
58:08.7,0.001,TCP  ,10157_106,64784,EXT_SERVER,5358,1,46,1,....S.,0,suspicious
58:08.7,0.001,TCP  ,EXT_SERVER,5358,10157_106,64784,1,40,1,.A.R..,0,suspicious
58:05.8,6.186,TCP  ,10004_35,40358,EXT_SERVER,22,7,1029,1,.APRSF,0,suspicious
58:05.8,6.186,TCP  ,EXT_SERVER,22,10004_35,40358,4,1233,1,.AP.S.,0,suspicious
55:03.6,10.65,TCP  ,10008_109,33785,EXT_SERVER,22,15,2163,1,.AP.SF,0,suspicious
55:03.6,10.65,TCP  ,EXT_SERVER,22,10008_109,33785,19,3185,1,.AP.SF,0,suspicious
58:12.0,9.82,TCP  ,EXT_SERVER,22,10012_195,41130,20,3249,1,.AP.SF,0,suspicious
58:12.0,9.82,TCP  ,10012_195,41130,EXT_SERVER,22,15,2157,1,.APRSF,0,suspicious
55:14.0,9.964,TCP  ,10008_109,44419,EXT_SERVER,22,17,2267,1,.AP.SF,0,suspicious
55:14.0,9.964,TCP  ,EXT_SERVER,22,10008_109,44419,19,3185,1,.AP.SF,0,suspicious
55:16.2,9.59,TCP  ,10006_27,28233,EXT_SERVER,22,14,2111,1,.AP.SF,0,suspicious
55:16.2,9.59,TCP  ,EXT_SERVER,22,10006_27,28233,17,3081,1,.AP.SF,0,suspicious
55:23.6,10.243,TCP  ,10008_109,55208,EXT_SERVER,22,15,2163,1,.AP.SF,0,suspicious
55:23.6,10.243,TCP  ,EXT_SERVER,22,10008_109,55208,19,3185,1,.AP.SF,0,suspicious
55:39.5,0.058,TCP  ,EXT_SERVER,8000,OPENSTACK_NET,51804,7,556,1,.AP.SF,0,normal
55:39.5,0.058,TCP  ,OPENSTACK_NET,51804,EXT_SERVER,8000,6,515,1,.AP.SF,0,normal
55:39.5,0.074,TCP  ,EXT_SERVER,8000,OPENSTACK_NET,51805,7,702,1,.AP.SF,0,normal
55:39.5,0.074,TCP  ,OPENSTACK_NET,51805,EXT_SERVER,8000,6,586,1,.AP.SF,0,normal
55:33.5,9.395,TCP  ,10008_109,41192,EXT_SERVER,22,17,2267,1,.AP.SF,0,suspicious
55:33.5,9.395,TCP  ,EXT_SERVER,22,10008_109,41192,19,3185,1,.AP.SF,0,suspicious
55:34.0,9.866,TCP  ,EXT_SERVER,22,10012_195,54923,19,3185,1,.AP.SF,0,suspicious
55:34.0,9.866,TCP  ,10012_195,54923,EXT_SERVER,22,19,2371,1,.AP.SF,0,suspicious
